{
  "started_at_utc": "2026-06-18T07:37:12.620830+00:00",
  "elapsed_seconds": 17.379458958021132,
  "n_raw_rows": 2025,
  "n_agg_rows": 405,
  "seeds": [
    0,
    1,
    2,
    3,
    4
  ],
  "datasets": [
    "aggregation",
    "compound",
    "jain",
    "pathbased",
    "r15",
    "spiral",
    "iris",
    "wine",
    "seeds"
  ],
  "method_grids": {
    "dbscan_eps": [
      0.1,
      0.15,
      0.2,
      0.25,
      0.3,
      0.35,
      0.4,
      0.45,
      0.5,
      0.55,
      0.6,
      0.65,
      0.7,
      0.75,
      0.8,
      0.85,
      0.9,
      0.95,
      1.0,
      1.05,
      1.1,
      1.15,
      1.2
    ],
    "dbscan_min_samples": 5,
    "classix_radius": [
      0.05,
      0.1,
      0.15,
      0.2,
      0.25,
      0.3,
      0.35,
      0.4,
      0.45,
      0.5,
      0.55,
      0.6,
      0.65,
      0.7,
      0.75,
      0.8,
      0.85,
      0.9,
      0.95,
      1.0
    ],
    "classix_minPts": 5
  },
  "python": "3.11.11 (main, Dec 11 2024, 10:25:04) [Clang 14.0.6 ]",
  "platform": "macOS-26.5.1-arm64-arm-64bit"
}